9,31,GGTTAGACCAGATCTGAGCCTGG,AAAAAAAAAAAAAAAAAAAAAAA
10,32,GTTAGACCAGATCTGAGCCTGGG,AAAAAAAAAAAAAAAAAAAAAAA
20,42,ATCTGAGCCTGGGAGCTCTCTGG,AAAAAAAAAAAAAAAAAAAAAAA
29,51,TGGGAGCTCTCTGGCTAACTAGG,AAAAAAAAAAAAAAAAAAAAAAA
30,52,GGGAGCTCTCTGGCTAACTAGGG,AAAAAAAAAAAAAAAAAAAAAAA
107,129,GCCCGTCTGTTGTGTGACTCTGG,AAAAAAAAAAAAAAAAAAAAAAA
144,166,TCAGACCCTTTTAGTCAGTGTGG,AAAAAAAAAAAAAAAAAAAAAAA
161,183,GTGTGGAAAATCTCTAGCAGTGG,AAAAAAAAAAAAAAAAAAAAAAA
173,195,TCTAGCAGTGGCGCCCGAACAGG,AAAAAAAAAAAAAAAAAAAAAAA
174,196,CTAGCAGTGGCGCCCGAACAGGG,AAAAAAAAAAAAAAAAAAAAAAA
190,212,AACAGGGACCTGAAAGCGAAAGG,AAAAAAAAAAAAAAAAAAAAAAA
191,213,ACAGGGACCTGAAAGCGAAAGGG,AAAAAAAAAAAAAAAAAAAAAAA
201,223,GAAAGCGAAAGGGAAACCAGAGG,AAAAAAAAAAAAAAAAAAAAAAA
218,240,CAGAGGAGCTCTCTCGACGCAGG,AAAAAAAAAAAAAAAAAAAAAAA
224,246,AGCTCTCTCGACGCAGGACTCGG,AAAAAAAAAAAAAAAAAAAAAAA
243,265,TCGGCTTGCTGAAGCGCGCACGG,AAAAAAAAAAAAAAAAAAAAAAA
250,272,GCTGAAGCGCGCACGGCAAGAGG,AAAAAAAAAAAAAAAAAAAAAAA
255,277,AGCGCGCACGGCAAGAGGCGAGG,AAAAAAAAAAAAAAAAAAAAAAA
256,278,GCGCGCACGGCAAGAGGCGAGGG,AAAAAAAAAAAAAAAAAAAAAAA
257,279,CGCGCACGGCAAGAGGCGAGGGG,AAAAAAAAAAAAAAAAAAAAAAA
260,282,GCACGGCAAGAGGCGAGGGGCGG,AAAAAAAAAAAAAAAAAAAAAAA
267,289,AAGAGGCGAGGGGCGGCGACTGG,AAAAAAAAAAAAAAAAAAAAAAA
295,317,ACGCCAAAAATTTTGACTAGCGG,AAAAAAAAAAAAAAAAAAAAAAA
298,320,CCAAAAATTTTGACTAGCGGAGG,AAAAAAAAAAAAAAAAAAAAAAA
306,328,TTTGACTAGCGGAGGCTAGAAGG,AAAAAAAAAAAAAAAAAAAAAAA
316,338,GGAGGCTAGAAGGAGAGAGATGG,AAAAAAAAAAAAAAAAAAAAAAA
317,339,GAGGCTAGAAGGAGAGAGATGGG,AAAAAAAAAAAAAAAAAAAAAAA
341,363,GCGAGAGCGTCAGTATTAAGCGG,AAAAAAAAAAAAAAAAAAAAAAA
342,364,CGAGAGCGTCAGTATTAAGCGGG,AAAAAAAAAAAAAAAAAAAAAAA
343,365,GAGAGCGTCAGTATTAAGCGGGG,AAAAAAAAAAAAAAAAAAAAAAA
344,366,AGAGCGTCAGTATTAAGCGGGGG,AAAAAAAAAAAAAAAAAAAAAAA
360,382,GCGGGGGAGAATTAGATCGATGG,AAAAAAAAAAAAAAAAAAAAAAA
361,383,CGGGGGAGAATTAGATCGATGGG,AAAAAAAAAAAAAAAAAAAAAAA
372,394,TAGATCGATGGGAAAAAATTCGG,AAAAAAAAAAAAAAAAAAAAAAA
378,400,GATGGGAAAAAATTCGGTTAAGG,AAAAAAAAAAAAAAAAAAAAAAA
383,405,GAAAAAATTCGGTTAAGGCCAGG,AAAAAAAAAAAAAAAAAAAAAAA
384,406,AAAAAATTCGGTTAAGGCCAGGG,AAAAAAAAAAAAAAAAAAAAAAA
385,407,AAAAATTCGGTTAAGGCCAGGGG,AAAAAAAAAAAAAAAAAAAAAAA
386,408,AAAATTCGGTTAAGGCCAGGGGG,AAAAAAAAAAAAAAAAAAAAAAA
420,442,ATAAATTAAAACATATAGTATGG,AAAAAAAAAAAAAAAAAAAAAAA
421,443,TAAATTAAAACATATAGTATGGG,AAAAAAAAAAAAAAAAAAAAAAA
429,451,AACATATAGTATGGGCAAGCAGG,AAAAAAAAAAAAAAAAAAAAAAA
430,452,ACATATAGTATGGGCAAGCAGGG,AAAAAAAAAAAAAAAAAAAAAAA
458,480,GAACGATTCGCAGTTAATCCTGG,AAAAAAAAAAAAAAAAAAAAAAA
479,501,GGCCTGTTAGAAACATCAGAAGG,AAAAAAAAAAAAAAAAAAAAAAA
496,518,AGAAGGCTGTAGACAAATACTGG,AAAAAAAAAAAAAAAAAAAAAAA
497,519,GAAGGCTGTAGACAAATACTGGG,AAAAAAAAAAAAAAAAAAAAAAA
524,546,CTACAACCATCCCTTCAGACAGG,AAAAAAAAAAAAAAAAAAAAAAA
585,607,CCCTCTATTGTGTGCATCAAAGG,AAAAAAAAAAAAAAAAAAAAAAA
607,629,GATAGAGATAAAAGACACCAAGG,AAAAAAAAAAAAAAAAAAAAAAA
628,650,GGAAGCTTTAGACAAGATAGAGG,AAAAAAAAAAAAAAAAAAAAAAA
680,702,CAGCAAGCAGCAGCTGACACAGG,AAAAAAAAAAAAAAAAAAAAAAA
694,716,TGACACAGGACACAGCAATCAGG,AAAAAAAAAAAAAAAAAAAAAAA
730,752,CCCTATAGTGCAGAACATCCAGG,AAAAAAAAAAAAAAAAAAAAAAA
731,753,CCTATAGTGCAGAACATCCAGGG,AAAAAAAAAAAAAAAAAAAAAAA
732,754,CTATAGTGCAGAACATCCAGGGG,AAAAAAAAAAAAAAAAAAAAAAA
739,761,GCAGAACATCCAGGGGCAAATGG,AAAAAAAAAAAAAAAAAAAAAAA
748,770,CCAGGGGCAAATGGTACATCAGG,AAAAAAAAAAAAAAAAAAAAAAA
777,799,CACCTAGAACTTTAAATGCATGG,AAAAAAAAAAAAAAAAAAAAAAA
778,800,ACCTAGAACTTTAAATGCATGGG,AAAAAAAAAAAAAAAAAAAAAAA
799,821,GGTAAAAGTAGTAGAAGAGAAGG,AAAAAAAAAAAAAAAAAAAAAAA
845,867,ATGTTTTCAGCATTATCAGAAGG,AAAAAAAAAAAAAAAAAAAAAAA
886,908,AAACACCATGCTAAACACAGTGG,AAAAAAAAAAAAAAAAAAAAAAA
887,909,AACACCATGCTAAACACAGTGGG,AAAAAAAAAAAAAAAAAAAAAAA
888,910,ACACCATGCTAAACACAGTGGGG,AAAAAAAAAAAAAAAAAAAAAAA
889,911,CACCATGCTAAACACAGTGGGGG,AAAAAAAAAAAAAAAAAAAAAAA
890,912,ACCATGCTAAACACAGTGGGGGG,AAAAAAAAAAAAAAAAAAAAAAA
934,956,GTTAAAAGAGACCATCAATGAGG,AAAAAAAAAAAAAAAAAAAAAAA
948,970,TCAATGAGGAAGCTGCAGAATGG,AAAAAAAAAAAAAAAAAAAAAAA
949,971,CAATGAGGAAGCTGCAGAATGGG,AAAAAAAAAAAAAAAAAAAAAAA
974,996,AGAGTGCATCCAGTGCATGCAGG,AAAAAAAAAAAAAAAAAAAAAAA
975,997,GAGTGCATCCAGTGCATGCAGGG,AAAAAAAAAAAAAAAAAAAAAAA
989,1011,CATGCAGGGCCTATTGCACCAGG,AAAAAAAAAAAAAAAAAAAAAAA
1008,1030,CAGGCCAGATGAGAGAACCAAGG,AAAAAAAAAAAAAAAAAAAAAAA
1009,1031,AGGCCAGATGAGAGAACCAAGGG,AAAAAAAAAAAAAAAAAAAAAAA
1010,1032,GGCCAGATGAGAGAACCAAGGGG,AAAAAAAAAAAAAAAAAAAAAAA
1025,1047,CCAAGGGGAAGTGACATAGCAGG,AAAAAAAAAAAAAAAAAAAAAAA
1045,1067,AGGAACTACTAGTACCCTTCAGG,AAAAAAAAAAAAAAAAAAAAAAA
1055,1077,AGTACCCTTCAGGAACAAATAGG,AAAAAAAAAAAAAAAAAAAAAAA
1059,1081,CCCTTCAGGAACAAATAGGATGG,AAAAAAAAAAAAAAAAAAAAAAA
1088,1110,AATAATCCACCTATCCCAGTAGG,AAAAAAAAAAAAAAAAAAAAAAA
1107,1129,TAGGAGAAATTTATAAAAGATGG,AAAAAAAAAAAAAAAAAAAAAAA
1117,1139,TTATAAAAGATGGATAATCCTGG,AAAAAAAAAAAAAAAAAAAAAAA
1118,1140,TATAAAAGATGGATAATCCTGGG,AAAAAAAAAAAAAAAAAAAAAAA
1162,1184,GTATAGCCCTACCAGCATTCTGG,AAAAAAAAAAAAAAAAAAAAAAA
1175,1197,AGCATTCTGGACATAAGACAAGG,AAAAAAAAAAAAAAAAAAAAAAA
1183,1205,GGACATAAGACAAGGACCAAAGG,AAAAAAAAAAAAAAAAAAAAAAA
1209,1231,CCTTTAGAGACTATGTAGACCGG,AAAAAAAAAAAAAAAAAAAAAAA
1246,1268,AAGAGCCGAGCAAGCTTCACAGG,AAAAAAAAAAAAAAAAAAAAAAA
1249,1271,AGCCGAGCAAGCTTCACAGGAGG,AAAAAAAAAAAAAAAAAAAAAAA
1260,1282,CTTCACAGGAGGTAAAAAATTGG,AAAAAAAAAAAAAAAAAAAAAAA
1279,1301,TTGGATGACAGAAACCTTGTTGG,AAAAAAAAAAAAAAAAAAAAAAA
1324,1346,TAAGACTATTTTAAAAGCATTGG,AAAAAAAAAAAAAAAAAAAAAAA
1325,1347,AAGACTATTTTAAAAGCATTGGG,AAAAAAAAAAAAAAAAAAAAAAA
1333,1355,TTTAAAAGCATTGGGACCAGCGG,AAAAAAAAAAAAAAAAAAAAAAA
1366,1388,AGAAATGATGACAGCATGTCAGG,AAAAAAAAAAAAAAAAAAAAAAA
1367,1389,GAAATGATGACAGCATGTCAGGG,AAAAAAAAAAAAAAAAAAAAAAA
1373,1395,ATGACAGCATGTCAGGGAGTAGG,AAAAAAAAAAAAAAAAAAAAAAA
1376,1398,ACAGCATGTCAGGGAGTAGGAGG,AAAAAAAAAAAAAAAAAAAAAAA
1382,1404,TGTCAGGGAGTAGGAGGACCCGG,AAAAAAAAAAAAAAAAAAAAAAA
1390,1412,AGTAGGAGGACCCGGCCATAAGG,AAAAAAAAAAAAAAAAAAAAAAA
1402,1424,CGGCCATAAGGCAAGAGTTTTGG,AAAAAAAAAAAAAAAAAAAAAAA
1454,1476,GCTACCATAATGATGCAGAGAGG,AAAAAAAAAAAAAAAAAAAAAAA
1464,1486,TGATGCAGAGAGGCAATTTTAGG,AAAAAAAAAAAAAAAAAAAAAAA
1499,1521,ATTGTTAAGTGTTTCAATTGTGG,AAAAAAAAAAAAAAAAAAAAAAA
1508,1530,TGTTTCAATTGTGGCAAAGAAGG,AAAAAAAAAAAAAAAAAAAAAAA
1509,1531,GTTTCAATTGTGGCAAAGAAGGG,AAAAAAAAAAAAAAAAAAAAAAA
1530,1552,GGCACACAGCCAGAAATTGCAGG,AAAAAAAAAAAAAAAAAAAAAAA
1531,1553,GCACACAGCCAGAAATTGCAGGG,AAAAAAAAAAAAAAAAAAAAAAA
1539,1561,CCAGAAATTGCAGGGCCCCTAGG,AAAAAAAAAAAAAAAAAAAAAAA
1546,1568,TTGCAGGGCCCCTAGGAAAAAGG,AAAAAAAAAAAAAAAAAAAAAAA
1547,1569,TGCAGGGCCCCTAGGAAAAAGGG,AAAAAAAAAAAAAAAAAAAAAAA
1554,1576,CCCCTAGGAAAAAGGGCTGTTGG,AAAAAAAAAAAAAAAAAAAAAAA
1562,1584,AAAAAGGGCTGTTGGAAATGTGG,AAAAAAAAAAAAAAAAAAAAAAA
1567,1589,GGGCTGTTGGAAATGTGGAAAGG,AAAAAAAAAAAAAAAAAAAAAAA
1571,1593,TGTTGGAAATGTGGAAAGGAAGG,AAAAAAAAAAAAAAAAAAAAAAA
1603,1625,GAAAGATTGTACTGAGAGACAGG,AAAAAAAAAAAAAAAAAAAAAAA
1616,1638,GAGAGACAGGCTAATTTTTTAGG,AAAAAAAAAAAAAAAAAAAAAAA
1617,1639,AGAGACAGGCTAATTTTTTAGGG,AAAAAAAAAAAAAAAAAAAAAAA
1626,1648,CTAATTTTTTAGGGAAGATCTGG,AAAAAAAAAAAAAAAAAAAAAAA
1639,1661,GAAGATCTGGCCTTCCTACAAGG,AAAAAAAAAAAAAAAAAAAAAAA
1640,1662,AAGATCTGGCCTTCCTACAAGGG,AAAAAAAAAAAAAAAAAAAAAAA
1644,1666,TCTGGCCTTCCTACAAGGGAAGG,AAAAAAAAAAAAAAAAAAAAAAA
1649,1671,CCTTCCTACAAGGGAAGGCCAGG,AAAAAAAAAAAAAAAAAAAAAAA
1650,1672,CTTCCTACAAGGGAAGGCCAGGG,AAAAAAAAAAAAAAAAAAAAAAA
1704,1726,CCCCACCAGAAGAGAGCTTCAGG,AAAAAAAAAAAAAAAAAAAAAAA
1709,1731,CCAGAAGAGAGCTTCAGGTCTGG,AAAAAAAAAAAAAAAAAAAAAAA
1710,1732,CAGAAGAGAGCTTCAGGTCTGGG,AAAAAAAAAAAAAAAAAAAAAAA
1711,1733,AGAAGAGAGCTTCAGGTCTGGGG,AAAAAAAAAAAAAAAAAAAAAAA
1741,1763,AACAACTCCCCCTCAGAAGCAGG,AAAAAAAAAAAAAAAAAAAAAAA
1756,1778,GAAGCAGGAGCCGATAGACAAGG,AAAAAAAAAAAAAAAAAAAAAAA
1782,1804,TGTATCCTTTAACTTCCCTCAGG,AAAAAAAAAAAAAAAAAAAAAAA
1793,1815,ACTTCCCTCAGGTCACTCTTTGG,AAAAAAAAAAAAAAAAAAAAAAA
1822,1844,CCCCTCGTCACAATAAAGATAGG,AAAAAAAAAAAAAAAAAAAAAAA
1823,1845,CCCTCGTCACAATAAAGATAGGG,AAAAAAAAAAAAAAAAAAAAAAA
1824,1846,CCTCGTCACAATAAAGATAGGGG,AAAAAAAAAAAAAAAAAAAAAAA
1825,1847,CTCGTCACAATAAAGATAGGGGG,AAAAAAAAAAAAAAAAAAAAAAA
1826,1848,TCGTCACAATAAAGATAGGGGGG,AAAAAAAAAAAAAAAAAAAAAAA
1836,1858,AAAGATAGGGGGGCAACTAAAGG,AAAAAAAAAAAAAAAAAAAAAAA
1855,1877,AAGGAAGCTCTATTAGATACAGG,AAAAAAAAAAAAAAAAAAAAAAA
1894,1916,TTAGAAGAAATGAGTTTGCCAGG,AAAAAAAAAAAAAAAAAAAAAAA
1901,1923,AAATGAGTTTGCCAGGAAGATGG,AAAAAAAAAAAAAAAAAAAAAAA
1918,1940,AGATGGAAACCAAAAATGATAGG,AAAAAAAAAAAAAAAAAAAAAAA
1919,1941,GATGGAAACCAAAAATGATAGGG,AAAAAAAAAAAAAAAAAAAAAAA
1920,1942,ATGGAAACCAAAAATGATAGGGG,AAAAAAAAAAAAAAAAAAAAAAA
1921,1943,TGGAAACCAAAAATGATAGGGGG,AAAAAAAAAAAAAAAAAAAAAAA
1927,1949,CCAAAAATGATAGGGGGAATTGG,AAAAAAAAAAAAAAAAAAAAAAA
1930,1952,AAAATGATAGGGGGAATTGGAGG,AAAAAAAAAAAAAAAAAAAAAAA
1978,2000,CAGATACTCATAGAAATCTGTGG,AAAAAAAAAAAAAAAAAAAAAAA
1993,2015,ATCTGTGGACATAAAGCTATAGG,AAAAAAAAAAAAAAAAAAAAAAA
2008,2030,GCTATAGGTACAGTATTAGTAGG,AAAAAAAAAAAAAAAAAAAAAAA
2032,2054,CCTACACCTGTCAACATAATTGG,AAAAAAAAAAAAAAAAAAAAAAA
2056,2078,AGAAATCTGTTGACTCAGATTGG,AAAAAAAAAAAAAAAAAAAAAAA
2116,2138,GTACCAGTAAAATTAAAGCCAGG,AAAAAAAAAAAAAAAAAAAAAAA
2121,2143,AGTAAAATTAAAGCCAGGAATGG,AAAAAAAAAAAAAAAAAAAAAAA
2125,2147,AAATTAAAGCCAGGAATGGATGG,AAAAAAAAAAAAAAAAAAAAAAA
2144,2166,ATGGCCCAAAAGTTAAACAATGG,AAAAAAAAAAAAAAAAAAAAAAA
2196,2218,AGTAGAAATTTGTACAGAGATGG,AAAAAAAAAAAAAAAAAAAAAAA
2202,2224,AATTTGTACAGAGATGGAAAAGG,AAAAAAAAAAAAAAAAAAAAAAA
2206,2228,TGTACAGAGATGGAAAAGGAAGG,AAAAAAAAAAAAAAAAAAAAAAA
2207,2229,GTACAGAGATGGAAAAGGAAGGG,AAAAAAAAAAAAAAAAAAAAAAA
2224,2246,GAAGGGAAAATTTCAAAAATTGG,AAAAAAAAAAAAAAAAAAAAAAA
2225,2247,AAGGGAAAATTTCAAAAATTGGG,AAAAAAAAAAAAAAAAAAAAAAA
2285,2307,AGAAAAAAGACAGTACTAAATGG,AAAAAAAAAAAAAAAAAAAAAAA
2336,2358,ATAAGAGAACTCAAGACTTCTGG,AAAAAAAAAAAAAAAAAAAAAAA
2337,2359,TAAGAGAACTCAAGACTTCTGGG,AAAAAAAAAAAAAAAAAAAAAAA
2350,2372,GACTTCTGGGAAGTTCAATTAGG,AAAAAAAAAAAAAAAAAAAAAAA
2368,2390,TTAGGAATACCACATCCCGCAGG,AAAAAAAAAAAAAAAAAAAAAAA
2369,2391,TAGGAATACCACATCCCGCAGGG,AAAAAAAAAAAAAAAAAAAAAAA
2400,2422,GAAAAAATCAGTAACAGTACTGG,AAAAAAAAAAAAAAAAAAAAAAA
2406,2428,ATCAGTAACAGTACTGGATGTGG,AAAAAAAAAAAAAAAAAAAAAAA
2407,2429,TCAGTAACAGTACTGGATGTGGG,AAAAAAAAAAAAAAAAAAAAAAA
2447,2469,TTCCCTTAGATGAAGACTTCAGG,AAAAAAAAAAAAAAAAAAAAAAA
2494,2516,AGTATAAACAATGAGACACCAGG,AAAAAAAAAAAAAAAAAAAAAAA
2495,2517,GTATAAACAATGAGACACCAGGG,AAAAAAAAAAAAAAAAAAAAAAA
2526,2548,TCAGTACAATGTGCTTCCACAGG,AAAAAAAAAAAAAAAAAAAAAAA
2527,2549,CAGTACAATGTGCTTCCACAGGG,AAAAAAAAAAAAAAAAAAAAAAA
2531,2553,ACAATGTGCTTCCACAGGGATGG,AAAAAAAAAAAAAAAAAAAAAAA
2536,2558,GTGCTTCCACAGGGATGGAAAGG,AAAAAAAAAAAAAAAAAAAAAAA
2625,2647,CATAGTTATCTATCAATACATGG,AAAAAAAAAAAAAAAAAAAAAAA
2641,2663,TACATGGATGATTTGTATGTAGG,AAAAAAAAAAAAAAAAAAAAAAA
2659,2681,GTAGGATCTGACTTAGAAATAGG,AAAAAAAAAAAAAAAAAAAAAAA
2660,2682,TAGGATCTGACTTAGAAATAGGG,AAAAAAAAAAAAAAAAAAAAAAA
2682,2704,GCAGCATAGAACAAAAATAGAGG,AAAAAAAAAAAAAAAAAAAAAAA
2705,2727,AGCTGAGACAACATCTGTTGAGG,AAAAAAAAAAAAAAAAAAAAAAA
2708,2730,TGAGACAACATCTGTTGAGGTGG,AAAAAAAAAAAAAAAAAAAAAAA
2709,2731,GAGACAACATCTGTTGAGGTGGG,AAAAAAAAAAAAAAAAAAAAAAA
2710,2732,AGACAACATCTGTTGAGGTGGGG,AAAAAAAAAAAAAAAAAAAAAAA
2759,2781,AGAAAGAACCTCCATTCCTTTGG,AAAAAAAAAAAAAAAAAAAAAAA
2763,2785,AGAACCTCCATTCCTTTGGATGG,AAAAAAAAAAAAAAAAAAAAAAA
2764,2786,GAACCTCCATTCCTTTGGATGGG,AAAAAAAAAAAAAAAAAAAAAAA
2789,2811,ATGAACTCCATCCTGATAAATGG,AAAAAAAAAAAAAAAAAAAAAAA
2828,2850,TGCTGCCAGAAAAAGACAGCTGG,AAAAAAAAAAAAAAAAAAAAAAA
2856,2878,CAATGACATACAGAAGTTAGTGG,AAAAAAAAAAAAAAAAAAAAAAA
2857,2879,AATGACATACAGAAGTTAGTGGG,AAAAAAAAAAAAAAAAAAAAAAA
2858,2880,ATGACATACAGAAGTTAGTGGGG,AAAAAAAAAAAAAAAAAAAAAAA
2870,2892,AGTTAGTGGGGAAATTGAATTGG,AAAAAAAAAAAAAAAAAAAAAAA
2871,2893,GTTAGTGGGGAAATTGAATTGGG,AAAAAAAAAAAAAAAAAAAAAAA
2890,2912,TGGGCAAGTCAGATTTACCCAGG,AAAAAAAAAAAAAAAAAAAAAAA
2891,2913,GGGCAAGTCAGATTTACCCAGGG,AAAAAAAAAAAAAAAAAAAAAAA
2903,2925,TTTACCCAGGGATTAAAGTAAGG,AAAAAAAAAAAAAAAAAAAAAAA
2926,2948,CAATTATGTAAACTCCTTAGAGG,AAAAAAAAAAAAAAAAAAAAAAA
2982,3004,AGAAGAAGCAGAGCTAGAACTGG,AAAAAAAAAAAAAAAAAAAAAAA
3019,3041,ATTCTAAAAGAACCAGTACATGG,AAAAAAAAAAAAAAAAAAAAAAA
3069,3091,AATAGCAGAAATACAGAAGCAGG,AAAAAAAAAAAAAAAAAAAAAAA
3070,3092,ATAGCAGAAATACAGAAGCAGGG,AAAAAAAAAAAAAAAAAAAAAAA
3071,3093,TAGCAGAAATACAGAAGCAGGGG,AAAAAAAAAAAAAAAAAAAAAAA
3076,3098,GAAATACAGAAGCAGGGGCAAGG,AAAAAAAAAAAAAAAAAAAAAAA
3083,3105,AGAAGCAGGGGCAAGGCCAATGG,AAAAAAAAAAAAAAAAAAAAAAA
3127,3149,CCATTTAAAAATCTGAAAACAGG,AAAAAAAAAAAAAAAAAAAAAAA
3146,3168,CAGGAAAATATGCAAGAATGAGG,AAAAAAAAAAAAAAAAAAAAAAA
3147,3169,AGGAAAATATGCAAGAATGAGGG,AAAAAAAAAAAAAAAAAAAAAAA
3148,3170,GGAAAATATGCAAGAATGAGGGG,AAAAAAAAAAAAAAAAAAAAAAA
3183,3205,TGATGTAAAACAATTAACAGAGG,AAAAAAAAAAAAAAAAAAAAAAA
3221,3243,CCACAGAAAGCATAGTAATATGG,AAAAAAAAAAAAAAAAAAAAAAA
3222,3244,CACAGAAAGCATAGTAATATGGG,AAAAAAAAAAAAAAAAAAAAAAA
3223,3245,ACAGAAAGCATAGTAATATGGGG,AAAAAAAAAAAAAAAAAAAAAAA
3258,3280,ATTTAAACTGCCCATACAAAAGG,AAAAAAAAAAAAAAAAAAAAAAA
3266,3288,TGCCCATACAAAAGGAAACATGG,AAAAAAAAAAAAAAAAAAAAAAA
3267,3289,GCCCATACAAAAGGAAACATGGG,AAAAAAAAAAAAAAAAAAAAAAA
3275,3297,AAAAGGAAACATGGGAAACATGG,AAAAAAAAAAAAAAAAAAAAAAA
3278,3300,AGGAAACATGGGAAACATGGTGG,AAAAAAAAAAAAAAAAAAAAAAA
3290,3312,AAACATGGTGGACAGAGTATTGG,AAAAAAAAAAAAAAAAAAAAAAA
3302,3324,CAGAGTATTGGCAAGCCACCTGG,AAAAAAAAAAAAAAAAAAAAAAA
3314,3336,AAGCCACCTGGATTCCTGAGTGG,AAAAAAAAAAAAAAAAAAAAAAA
3315,3337,AGCCACCTGGATTCCTGAGTGGG,AAAAAAAAAAAAAAAAAAAAAAA
3350,3372,CCCCTCCCTTAGTGAAATTATGG,AAAAAAAAAAAAAAAAAAAAAAA
3379,3401,TTAGAGAAAGAACCCATAGTAGG,AAAAAAAAAAAAAAAAAAAAAAA
3403,3425,GCAGAAACCTTCTATGTAGATGG,AAAAAAAAAAAAAAAAAAAAAAA
3404,3426,CAGAAACCTTCTATGTAGATGGG,AAAAAAAAAAAAAAAAAAAAAAA
3405,3427,AGAAACCTTCTATGTAGATGGGG,AAAAAAAAAAAAAAAAAAAAAAA
3416,3438,ATGTAGATGGGGCAGCTAACAGG,AAAAAAAAAAAAAAAAAAAAAAA
3417,3439,TGTAGATGGGGCAGCTAACAGGG,AAAAAAAAAAAAAAAAAAAAAAA
3430,3452,GCTAACAGGGAGACTAAATTAGG,AAAAAAAAAAAAAAAAAAAAAAA
3439,3461,GAGACTAAATTAGGAAAAGCAGG,AAAAAAAAAAAAAAAAAAAAAAA
3457,3479,GCAGGATATGTTACTAATAGAGG,AAAAAAAAAAAAAAAAAAAAAAA
3534,3556,AGCAATTTATCTAGCTTTGCAGG,AAAAAAAAAAAAAAAAAAAAAAA
3540,3562,TTATCTAGCTTTGCAGGATTCGG,AAAAAAAAAAAAAAAAAAAAAAA
3541,3563,TATCTAGCTTTGCAGGATTCGGG,AAAAAAAAAAAAAAAAAAAAAAA
3583,3605,ACAGACTCACAATATGCATTAGG,AAAAAAAAAAAAAAAAAAAAAAA
3657,3679,AATAGAGCAGTTAATAAAAAAGG,AAAAAAAAAAAAAAAAAAAAAAA
3663,3685,GCAGTTAATAAAAAAGGAAAAGG,AAAAAAAAAAAAAAAAAAAAAAA
3672,3694,AAAAAAGGAAAAGGTCTATCTGG,AAAAAAAAAAAAAAAAAAAAAAA
3677,3699,AGGAAAAGGTCTATCTGGCATGG,AAAAAAAAAAAAAAAAAAAAAAA
3678,3700,GGAAAAGGTCTATCTGGCATGGG,AAAAAAAAAAAAAAAAAAAAAAA
3694,3716,GCATGGGTACCAGCACACAAAGG,AAAAAAAAAAAAAAAAAAAAAAA
3700,3722,GTACCAGCACACAAAGGAATTGG,AAAAAAAAAAAAAAAAAAAAAAA
3703,3725,CCAGCACACAAAGGAATTGGAGG,AAAAAAAAAAAAAAAAAAAAAAA
3736,3758,GTAGATAAATTAGTCAGTGCTGG,AAAAAAAAAAAAAAAAAAAAAAA
3743,3765,AATTAGTCAGTGCTGGAATCAGG,AAAAAAAAAAAAAAAAAAAAAAA
3763,3785,AGGAAAGTACTATTTTTAGATGG,AAAAAAAAAAAAAAAAAAAAAAA
3774,3796,ATTTTTAGATGGAATAGATAAGG,AAAAAAAAAAAAAAAAAAAAAAA
3809,3831,ATGAGAAATATCACAGTAATTGG,AAAAAAAAAAAAAAAAAAAAAAA
3819,3841,TCACAGTAATTGGAGAGCAATGG,AAAAAAAAAAAAAAAAAAAAAAA
3892,3914,TGTGATAAATGTCAGCTAAAAGG,AAAAAAAAAAAAAAAAAAAAAAA
3907,3929,CTAAAAGGAGAAGCCATGCATGG,AAAAAAAAAAAAAAAAAAAAAAA
3928,3950,GGACAAGTAGACTGTAGTCCAGG,AAAAAAAAAAAAAAAAAAAAAAA
3935,3957,TAGACTGTAGTCCAGGAATATGG,AAAAAAAAAAAAAAAAAAAAAAA
3961,3983,CTAGATTGTACACATTTAGAAGG,AAAAAAAAAAAAAAAAAAAAAAA
3975,3997,TTTAGAAGGAAAAGTTATCCTGG,AAAAAAAAAAAAAAAAAAAAAAA
3997,4019,GTAGCAGTTCATGTAGCCAGTGG,AAAAAAAAAAAAAAAAAAAAAAA
4033,4055,GAAGTTATTCCAGCAGAAACAGG,AAAAAAAAAAAAAAAAAAAAAAA
4034,4056,AAGTTATTCCAGCAGAAACAGGG,AAAAAAAAAAAAAAAAAAAAAAA
4038,4060,TATTCCAGCAGAAACAGGGCAGG,AAAAAAAAAAAAAAAAAAAAAAA
4069,4091,TATTTTCTTTTAAAATTAGCAGG,AAAAAAAAAAAAAAAAAAAAAAA
4076,4098,TTTTAAAATTAGCAGGAAGATGG,AAAAAAAAAAAAAAAAAAAAAAA
4105,4127,AAAACAATACATACTGACAATGG,AAAAAAAAAAAAAAAAAAAAAAA
4120,4142,GACAATGGCAGCAATTTCACCGG,AAAAAAAAAAAAAAAAAAAAAAA
4128,4150,CAGCAATTTCACCGGTGCTACGG,AAAAAAAAAAAAAAAAAAAAAAA
4133,4155,ATTTCACCGGTGCTACGGTTAGG,AAAAAAAAAAAAAAAAAAAAAAA
4134,4156,TTTCACCGGTGCTACGGTTAGGG,AAAAAAAAAAAAAAAAAAAAAAA
4145,4167,CTACGGTTAGGGCCGCCTGTTGG,AAAAAAAAAAAAAAAAAAAAAAA
4148,4170,CGGTTAGGGCCGCCTGTTGGTGG,AAAAAAAAAAAAAAAAAAAAAAA
4149,4171,GGTTAGGGCCGCCTGTTGGTGGG,AAAAAAAAAAAAAAAAAAAAAAA
4152,4174,TAGGGCCGCCTGTTGGTGGGCGG,AAAAAAAAAAAAAAAAAAAAAAA
4153,4175,AGGGCCGCCTGTTGGTGGGCGGG,AAAAAAAAAAAAAAAAAAAAAAA
4164,4186,TTGGTGGGCGGGAATCAAGCAGG,AAAAAAAAAAAAAAAAAAAAAAA
4171,4193,GCGGGAATCAAGCAGGAATTTGG,AAAAAAAAAAAAAAAAAAAAAAA
4198,4220,CCCTACAATCCCCAAAGTCAAGG,AAAAAAAAAAAAAAAAAAAAAAA
4240,4262,AAAGAATTAAAGAAAATTATAGG,AAAAAAAAAAAAAAAAAAAAAAA
4245,4267,ATTAAAGAAAATTATAGGACAGG,AAAAAAAAAAAAAAAAAAAAAAA
4257,4279,TATAGGACAGGTAAGAGATCAGG,AAAAAAAAAAAAAAAAAAAAAAA
4287,4309,TCTTAAGACAGCAGTACAAATGG,AAAAAAAAAAAAAAAAAAAAAAA
4318,4340,ATCCACAATTTTAAAAGAAAAGG,AAAAAAAAAAAAAAAAAAAAAAA
4319,4341,TCCACAATTTTAAAAGAAAAGGG,AAAAAAAAAAAAAAAAAAAAAAA
4320,4342,CCACAATTTTAAAAGAAAAGGGG,AAAAAAAAAAAAAAAAAAAAAAA
4321,4343,CACAATTTTAAAAGAAAAGGGGG,AAAAAAAAAAAAAAAAAAAAAAA
4322,4344,ACAATTTTAAAAGAAAAGGGGGG,AAAAAAAAAAAAAAAAAAAAAAA
4327,4349,TTTAAAAGAAAAGGGGGGATTGG,AAAAAAAAAAAAAAAAAAAAAAA
4328,4350,TTAAAAGAAAAGGGGGGATTGGG,AAAAAAAAAAAAAAAAAAAAAAA
4329,4351,TAAAAGAAAAGGGGGGATTGGGG,AAAAAAAAAAAAAAAAAAAAAAA
4330,4352,AAAAGAAAAGGGGGGATTGGGGG,AAAAAAAAAAAAAAAAAAAAAAA
4331,4353,AAAGAAAAGGGGGGATTGGGGGG,AAAAAAAAAAAAAAAAAAAAAAA
4342,4364,GGGATTGGGGGGTACAGTGCAGG,AAAAAAAAAAAAAAAAAAAAAAA
4343,4365,GGATTGGGGGGTACAGTGCAGGG,AAAAAAAAAAAAAAAAAAAAAAA
4344,4366,GATTGGGGGGTACAGTGCAGGGG,AAAAAAAAAAAAAAAAAAAAAAA
4424,4446,TTACAAAAATTCAAAATTTTCGG,AAAAAAAAAAAAAAAAAAAAAAA
4425,4447,TACAAAAATTCAAAATTTTCGGG,AAAAAAAAAAAAAAAAAAAAAAA
4436,4458,AAAATTTTCGGGTTTATTACAGG,AAAAAAAAAAAAAAAAAAAAAAA
4437,4459,AAATTTTCGGGTTTATTACAGGG,AAAAAAAAAAAAAAAAAAAAAAA
4457,4479,GGGACAGCAGAAATCCACTTTGG,AAAAAAAAAAAAAAAAAAAAAAA
4462,4484,AGCAGAAATCCACTTTGGAAAGG,AAAAAAAAAAAAAAAAAAAAAAA
4481,4503,AAGGACCAGCAAAGCTCCTCTGG,AAAAAAAAAAAAAAAAAAAAAAA
4486,4508,CCAGCAAAGCTCCTCTGGAAAGG,AAAAAAAAAAAAAAAAAAAAAAA
4492,4514,AAGCTCCTCTGGAAAGGTGAAGG,AAAAAAAAAAAAAAAAAAAAAAA
4493,4515,AGCTCCTCTGGAAAGGTGAAGGG,AAAAAAAAAAAAAAAAAAAAAAA
4494,4516,GCTCCTCTGGAAAGGTGAAGGGG,AAAAAAAAAAAAAAAAAAAAAAA
4559,4581,GAAGAAAAGCAAAGATCATTAGG,AAAAAAAAAAAAAAAAAAAAAAA
4560,4582,AAGAAAAGCAAAGATCATTAGGG,AAAAAAAAAAAAAAAAAAAAAAA
4567,4589,GCAAAGATCATTAGGGATTATGG,AAAAAAAAAAAAAAAAAAAAAAA
4578,4600,TAGGGATTATGGAAAACAGATGG,AAAAAAAAAAAAAAAAAAAAAAA
4582,4604,GATTATGGAAAACAGATGGCAGG,AAAAAAAAAAAAAAAAAAAAAAA
4596,4618,GATGGCAGGTGATGATTGTGTGG,AAAAAAAAAAAAAAAAAAAAAAA
4608,4630,TGATTGTGTGGCAAGTAGACAGG,AAAAAAAAAAAAAAAAAAAAAAA
4614,4636,TGTGGCAAGTAGACAGGATGAGG,AAAAAAAAAAAAAAAAAAAAAAA
4626,4648,ACAGGATGAGGATTAGAACATGG,AAAAAAAAAAAAAAAAAAAAAAA
4661,4683,AAACACCATATGTATGTTTCAGG,AAAAAAAAAAAAAAAAAAAAAAA
4662,4684,AACACCATATGTATGTTTCAGGG,AAAAAAAAAAAAAAAAAAAAAAA
4671,4693,TGTATGTTTCAGGGAAAGCTAGG,AAAAAAAAAAAAAAAAAAAAAAA
4672,4694,GTATGTTTCAGGGAAAGCTAGGG,AAAAAAAAAAAAAAAAAAAAAAA
4673,4695,TATGTTTCAGGGAAAGCTAGGGG,AAAAAAAAAAAAAAAAAAAAAAA
4677,4699,TTTCAGGGAAAGCTAGGGGATGG,AAAAAAAAAAAAAAAAAAAAAAA
4742,4764,TCAGAAGTACACATCCCACTAGG,AAAAAAAAAAAAAAAAAAAAAAA
4743,4765,CAGAAGTACACATCCCACTAGGG,AAAAAAAAAAAAAAAAAAAAAAA
4744,4766,AGAAGTACACATCCCACTAGGGG,AAAAAAAAAAAAAAAAAAAAAAA
4756,4778,CCCACTAGGGGATGCTAGATTGG,AAAAAAAAAAAAAAAAAAAAAAA
4773,4795,GATTGGTAATAACAACATATTGG,AAAAAAAAAAAAAAAAAAAAAAA
4774,4796,ATTGGTAATAACAACATATTGGG,AAAAAAAAAAAAAAAAAAAAAAA
4775,4797,TTGGTAATAACAACATATTGGGG,AAAAAAAAAAAAAAAAAAAAAAA
4787,4809,ACATATTGGGGTCTGCATACAGG,AAAAAAAAAAAAAAAAAAAAAAA
4800,4822,TGCATACAGGAGAAAGAGACTGG,AAAAAAAAAAAAAAAAAAAAAAA
4807,4829,AGGAGAAAGAGACTGGCATTTGG,AAAAAAAAAAAAAAAAAAAAAAA
4808,4830,GGAGAAAGAGACTGGCATTTGGG,AAAAAAAAAAAAAAAAAAAAAAA
4813,4835,AAGAGACTGGCATTTGGGTCAGG,AAAAAAAAAAAAAAAAAAAAAAA
4814,4836,AGAGACTGGCATTTGGGTCAGGG,AAAAAAAAAAAAAAAAAAAAAAA
4830,4852,GTCAGGGAGTCTCCATAGAATGG,AAAAAAAAAAAAAAAAAAAAAAA
4833,4855,AGGGAGTCTCCATAGAATGGAGG,AAAAAAAAAAAAAAAAAAAAAAA
4930,4952,TTCAGACTCTGCTATAAGAAAGG,AAAAAAAAAAAAAAAAAAAAAAA
4940,4962,GCTATAAGAAAGGCCTTATTAGG,AAAAAAAAAAAAAAAAAAAAAAA
4959,4981,TAGGACACATAGTTAGCCCTAGG,AAAAAAAAAAAAAAAAAAAAAAA
4976,4998,CCTAGGTGTGAATATCAAGCAGG,AAAAAAAAAAAAAAAAAAAAAAA
4987,5009,ATATCAAGCAGGACATAACAAGG,AAAAAAAAAAAAAAAAAAAAAAA
4991,5013,CAAGCAGGACATAACAAGGTAGG,AAAAAAAAAAAAAAAAAAAAAAA
5008,5030,GGTAGGATCTCTACAATACTTGG,AAAAAAAAAAAAAAAAAAAAAAA
5077,5099,TAGTGTTACGAAACTGACAGAGG,AAAAAAAAAAAAAAAAAAAAAAA
5085,5107,CGAAACTGACAGAGGATAGATGG,AAAAAAAAAAAAAAAAAAAAAAA
5107,5129,GAACAAGCCCCAGAAGACCAAGG,AAAAAAAAAAAAAAAAAAAAAAA
5108,5130,AACAAGCCCCAGAAGACCAAGGG,AAAAAAAAAAAAAAAAAAAAAAA
5117,5139,CAGAAGACCAAGGGCCACAGAGG,AAAAAAAAAAAAAAAAAAAAAAA
5118,5140,AGAAGACCAAGGGCCACAGAGGG,AAAAAAAAAAAAAAAAAAAAAAA
5135,5157,AGAGGGAGCCACACAATGAATGG,AAAAAAAAAAAAAAAAAAAAAAA
5154,5176,ATGGACACTAGAGCTTTTAGAGG,AAAAAAAAAAAAAAAAAAAAAAA
5189,5211,AAGCTGTTAGACATTTTCCTAGG,AAAAAAAAAAAAAAAAAAAAAAA
5195,5217,TTAGACATTTTCCTAGGATTTGG,AAAAAAAAAAAAAAAAAAAAAAA
5203,5225,TTTCCTAGGATTTGGCTCCATGG,AAAAAAAAAAAAAAAAAAAAAAA
5209,5231,AGGATTTGGCTCCATGGCTTAGG,AAAAAAAAAAAAAAAAAAAAAAA
5210,5232,GGATTTGGCTCCATGGCTTAGGG,AAAAAAAAAAAAAAAAAAAAAAA
5233,5255,CAACATATCTATGAAACTTATGG,AAAAAAAAAAAAAAAAAAAAAAA
5234,5256,AACATATCTATGAAACTTATGGG,AAAAAAAAAAAAAAAAAAAAAAA
5235,5257,ACATATCTATGAAACTTATGGGG,AAAAAAAAAAAAAAAAAAAAAAA
5243,5265,ATGAAACTTATGGGGATACTTGG,AAAAAAAAAAAAAAAAAAAAAAA
5244,5266,TGAAACTTATGGGGATACTTGGG,AAAAAAAAAAAAAAAAAAAAAAA
5248,5270,ACTTATGGGGATACTTGGGCAGG,AAAAAAAAAAAAAAAAAAAAAAA
5253,5275,TGGGGATACTTGGGCAGGAGTGG,AAAAAAAAAAAAAAAAAAAAAAA
5306,5328,TGTTTATCCATTTTCAGAATTGG,AAAAAAAAAAAAAAAAAAAAAAA
5307,5329,GTTTATCCATTTTCAGAATTGGG,AAAAAAAAAAAAAAAAAAAAAAA
5327,5349,GGGTGTCGACATAGCAGAATAGG,AAAAAAAAAAAAAAAAAAAAAAA
5343,5365,GAATAGGCGTTACTCGACAGAGG,AAAAAAAAAAAAAAAAAAAAAAA
5357,5379,CGACAGAGGAGAGCAAGAAATGG,AAAAAAAAAAAAAAAAAAAAAAA
5386,5408,TAGATCCTAGACTAGAGCCCTGG,AAAAAAAAAAAAAAAAAAAAAAA
5397,5419,CTAGAGCCCTGGAAGCATCCAGG,AAAAAAAAAAAAAAAAAAAAAAA
5484,5506,TGTTTCATAACAAAAGCCTTAGG,AAAAAAAAAAAAAAAAAAAAAAA
5496,5518,AAAGCCTTAGGCATCTCCTATGG,AAAAAAAAAAAAAAAAAAAAAAA
5500,5522,CCTTAGGCATCTCCTATGGCAGG,AAAAAAAAAAAAAAAAAAAAAAA
5509,5531,TCTCCTATGGCAGGAAGAAGCGG,AAAAAAAAAAAAAAAAAAAAAAA
5653,5675,TAATAATAGCAATAGTTGTGTGG,AAAAAAAAAAAAAAAAAAAAAAA
5677,5699,CCATAGTAATCATAGAATATAGG,AAAAAAAAAAAAAAAAAAAAAAA
5707,5729,TAAGACAAAGAAAAATAGACAGG,AAAAAAAAAAAAAAAAAAAAAAA
5745,5767,ATAGAAAGAGCAGAAGACAGTGG,AAAAAAAAAAAAAAAAAAAAAAA
5760,5782,GACAGTGGCAATGAGAGTGAAGG,AAAAAAAAAAAAAAAAAAAAAAA
5780,5802,AGGAGAAATATCAGCACTTGTGG,AAAAAAAAAAAAAAAAAAAAAAA
5786,5808,AATATCAGCACTTGTGGAGATGG,AAAAAAAAAAAAAAAAAAAAAAA
5787,5809,ATATCAGCACTTGTGGAGATGGG,AAAAAAAAAAAAAAAAAAAAAAA
5788,5810,TATCAGCACTTGTGGAGATGGGG,AAAAAAAAAAAAAAAAAAAAAAA
5789,5811,ATCAGCACTTGTGGAGATGGGGG,AAAAAAAAAAAAAAAAAAAAAAA
5792,5814,AGCACTTGTGGAGATGGGGGTGG,AAAAAAAAAAAAAAAAAAAAAAA
5798,5820,TGTGGAGATGGGGGTGGAGATGG,AAAAAAAAAAAAAAAAAAAAAAA
5799,5821,GTGGAGATGGGGGTGGAGATGGG,AAAAAAAAAAAAAAAAAAAAAAA
5800,5822,TGGAGATGGGGGTGGAGATGGGG,AAAAAAAAAAAAAAAAAAAAAAA
5815,5837,AGATGGGGCACCATGCTCCTTGG,AAAAAAAAAAAAAAAAAAAAAAA
5816,5838,GATGGGGCACCATGCTCCTTGGG,AAAAAAAAAAAAAAAAAAAAAAA
5852,5874,GTAGTGCTACAGAAAAATTGTGG,AAAAAAAAAAAAAAAAAAAAAAA
5853,5875,TAGTGCTACAGAAAAATTGTGGG,AAAAAAAAAAAAAAAAAAAAAAA
5869,5891,TTGTGGGTCACAGTCTATTATGG,AAAAAAAAAAAAAAAAAAAAAAA
5870,5892,TGTGGGTCACAGTCTATTATGGG,AAAAAAAAAAAAAAAAAAAAAAA
5871,5893,GTGGGTCACAGTCTATTATGGGG,AAAAAAAAAAAAAAAAAAAAAAA
5882,5904,TCTATTATGGGGTACCTGTGTGG,AAAAAAAAAAAAAAAAAAAAAAA
5886,5908,TTATGGGGTACCTGTGTGGAAGG,AAAAAAAAAAAAAAAAAAAAAAA
5940,5962,TGCTAAAGCATATGATACAGAGG,AAAAAAAAAAAAAAAAAAAAAAA
5954,5976,ATACAGAGGTACATAATGTTTGG,AAAAAAAAAAAAAAAAAAAAAAA
5955,5977,TACAGAGGTACATAATGTTTGGG,AAAAAAAAAAAAAAAAAAAAAAA
6006,6028,CAACCCACAAGAAGTAGTATTGG,AAAAAAAAAAAAAAAAAAAAAAA
6035,6057,TGACAGAAAATTTTAACATGTGG,AAAAAAAAAAAAAAAAAAAAAAA
6048,6070,TAACATGTGGAAAAATGACATGG,AAAAAAAAAAAAAAAAAAAAAAA
6066,6088,CATGGTAGAACAGATGCATGAGG,AAAAAAAAAAAAAAAAAAAAAAA
6083,6105,ATGAGGATATAATCAGTTTATGG,AAAAAAAAAAAAAAAAAAAAAAA
6084,6106,TGAGGATATAATCAGTTTATGGG,AAAAAAAAAAAAAAAAAAAAAAA
6181,6203,ACTAATACCAATAGTAGTAGCGG,AAAAAAAAAAAAAAAAAAAAAAA
6182,6204,CTAATACCAATAGTAGTAGCGGG,AAAAAAAAAAAAAAAAAAAAAAA
6195,6217,TAGTAGCGGGAGAATGATAATGG,AAAAAAAAAAAAAAAAAAAAAAA
6202,6224,GGGAGAATGATAATGGAGAAAGG,AAAAAAAAAAAAAAAAAAAAAAA
6247,6269,AATATCAGCACAAGCATAAGAGG,AAAAAAAAAAAAAAAAAAAAAAA
6252,6274,CAGCACAAGCATAAGAGGTAAGG,AAAAAAAAAAAAAAAAAAAAAAA
6357,6379,TAACACCTCAGTCATTACACAGG,AAAAAAAAAAAAAAAAAAAAAAA
6369,6391,CATTACACAGGCCTGTCCAAAGG,AAAAAAAAAAAAAAAAAAAAAAA
6408,6430,TCCCATACATTATTGTGCCCCGG,AAAAAAAAAAAAAAAAAAAAAAA
6412,6434,ATACATTATTGTGCCCCGGCTGG,AAAAAAAAAAAAAAAAAAAAAAA
6451,6473,TGTAATAATAAGACGTTCAATGG,AAAAAAAAAAAAAAAAAAAAAAA
6457,6479,AATAAGACGTTCAATGGAACAGG,AAAAAAAAAAAAAAAAAAAAAAA
6496,6518,AGCACAGTACAATGTACACATGG,AAAAAAAAAAAAAAAAAAAAAAA
6503,6525,TACAATGTACACATGGAATTAGG,AAAAAAAAAAAAAAAAAAAAAAA
6535,6557,TCAACTCAACTGCTGTTAAATGG,AAAAAAAAAAAAAAAAAAAAAAA
6555,6577,TGGCAGTCTAGCAGAAGAAGAGG,AAAAAAAAAAAAAAAAAAAAAAA
6582,6604,AATTAGATCTGTCAATTTCACGG,AAAAAAAAAAAAAAAAAAAAAAA
6682,6704,AAAAGAATCCGTATCCAGAGAGG,AAAAAAAAAAAAAAAAAAAAAAA
6688,6710,ATCCGTATCCAGAGAGGACCAGG,AAAAAAAAAAAAAAAAAAAAAAA
6689,6711,TCCGTATCCAGAGAGGACCAGGG,AAAAAAAAAAAAAAAAAAAAAAA
6709,6731,GGGAGAGCATTTGTTACAATAGG,AAAAAAAAAAAAAAAAAAAAAAA
6718,6740,TTTGTTACAATAGGAAAAATAGG,AAAAAAAAAAAAAAAAAAAAAAA
6761,6783,GTAACATTAGTAGAGCAAAATGG,AAAAAAAAAAAAAAAAAAAAAAA
6808,6830,AGCAAATTAAGAGAACAATTTGG,AAAAAAAAAAAAAAAAAAAAAAA
6844,6866,ATAATCTTTAAGCAATCCTCAGG,AAAAAAAAAAAAAAAAAAAAAAA
6847,6869,ATCTTTAAGCAATCCTCAGGAGG,AAAAAAAAAAAAAAAAAAAAAAA
6848,6870,TCTTTAAGCAATCCTCAGGAGGG,AAAAAAAAAAAAAAAAAAAAAAA
6849,6871,CTTTAAGCAATCCTCAGGAGGGG,AAAAAAAAAAAAAAAAAAAAAAA
6883,6905,GTAACGCACAGTTTTAATTGTGG,AAAAAAAAAAAAAAAAAAAAAAA
6886,6908,ACGCACAGTTTTAATTGTGGAGG,AAAAAAAAAAAAAAAAAAAAAAA
6887,6909,CGCACAGTTTTAATTGTGGAGGG,AAAAAAAAAAAAAAAAAAAAAAA
6888,6910,GCACAGTTTTAATTGTGGAGGGG,AAAAAAAAAAAAAAAAAAAAAAA
6932,6954,CACAACTGTTTAATAGTACTTGG,AAAAAAAAAAAAAAAAAAAAAAA
6947,6969,GTACTTGGTTTAATAGTACTTGG,AAAAAAAAAAAAAAAAAAAAAAA
6958,6980,AATAGTACTTGGAGTACTGAAGG,AAAAAAAAAAAAAAAAAAAAAAA
6959,6981,ATAGTACTTGGAGTACTGAAGGG,AAAAAAAAAAAAAAAAAAAAAAA
6976,6998,GAAGGGTCAAATAACACTGAAGG,AAAAAAAAAAAAAAAAAAAAAAA
7028,7050,TAAAACAAATTATAAACATGTGG,AAAAAAAAAAAAAAAAAAAAAAA
7039,7061,ATAAACATGTGGCAGAAAGTAGG,AAAAAAAAAAAAAAAAAAAAAAA
7069,7091,ATGTATGCCCCTCCCATCAGTGG,AAAAAAAAAAAAAAAAAAAAAAA
7099,7121,AGATGTTCATCAAATATTACAGG,AAAAAAAAAAAAAAAAAAAAAAA
7100,7122,GATGTTCATCAAATATTACAGGG,AAAAAAAAAAAAAAAAAAAAAAA
7120,7142,GGGCTGCTATTAACAAGAGATGG,AAAAAAAAAAAAAAAAAAAAAAA
7123,7145,CTGCTATTAACAAGAGATGGTGG,AAAAAAAAAAAAAAAAAAAAAAA
7159,7181,GAGTCCGAGATCTTCAGACCTGG,AAAAAAAAAAAAAAAAAAAAAAA
7162,7184,TCCGAGATCTTCAGACCTGGAGG,AAAAAAAAAAAAAAAAAAAAAAA
7165,7187,GAGATCTTCAGACCTGGAGGAGG,AAAAAAAAAAAAAAAAAAAAAAA
7175,7197,GACCTGGAGGAGGAGATATGAGG,AAAAAAAAAAAAAAAAAAAAAAA
7176,7198,ACCTGGAGGAGGAGATATGAGGG,AAAAAAAAAAAAAAAAAAAAAAA
7184,7206,GAGGAGATATGAGGGACAATTGG,AAAAAAAAAAAAAAAAAAAAAAA
7231,7253,GTAGTAAAAATTGAACCATTAGG,AAAAAAAAAAAAAAAAAAAAAAA
7248,7270,ATTAGGAGTAGCACCCACCAAGG,AAAAAAAAAAAAAAAAAAAAAAA
7263,7285,CACCAAGGCAAAGAGAAGAGTGG,AAAAAAAAAAAAAAAAAAAAAAA
7287,7309,GCAGAGAGAAAAAAGAGCAGTGG,AAAAAAAAAAAAAAAAAAAAAAA
7288,7310,CAGAGAGAAAAAAGAGCAGTGGG,AAAAAAAAAAAAAAAAAAAAAAA
7294,7316,GAAAAAAGAGCAGTGGGAATAGG,AAAAAAAAAAAAAAAAAAAAAAA
7309,7331,GGAATAGGAGCTTTGTTCCTTGG,AAAAAAAAAAAAAAAAAAAAAAA
7310,7332,GAATAGGAGCTTTGTTCCTTGGG,AAAAAAAAAAAAAAAAAAAAAAA
7317,7339,AGCTTTGTTCCTTGGGTTCTTGG,AAAAAAAAAAAAAAAAAAAAAAA
7318,7340,GCTTTGTTCCTTGGGTTCTTGGG,AAAAAAAAAAAAAAAAAAAAAAA
7327,7349,CTTGGGTTCTTGGGAGCAGCAGG,AAAAAAAAAAAAAAAAAAAAAAA
7338,7360,GGGAGCAGCAGGAAGCACTATGG,AAAAAAAAAAAAAAAAAAAAAAA
7339,7361,GGAGCAGCAGGAAGCACTATGGG,AAAAAAAAAAAAAAAAAAAAAAA
7362,7384,CGCAGCCTCAATGACGCTGACGG,AAAAAAAAAAAAAAAAAAAAAAA
7368,7390,CTCAATGACGCTGACGGTACAGG,AAAAAAAAAAAAAAAAAAAAAAA
7387,7409,CAGGCCAGACAATTATTGTCTGG,AAAAAAAAAAAAAAAAAAAAAAA
7418,7440,AGCAGCAGAACAATTTGCTGAGG,AAAAAAAAAAAAAAAAAAAAAAA
7419,7441,GCAGCAGAACAATTTGCTGAGGG,AAAAAAAAAAAAAAAAAAAAAAA
7428,7450,CAATTTGCTGAGGGCTATTGAGG,AAAAAAAAAAAAAAAAAAAAAAA
7460,7482,ATCTGTTGCAACTCACAGTCTGG,AAAAAAAAAAAAAAAAAAAAAAA
7461,7483,TCTGTTGCAACTCACAGTCTGGG,AAAAAAAAAAAAAAAAAAAAAAA
7462,7484,CTGTTGCAACTCACAGTCTGGGG,AAAAAAAAAAAAAAAAAAAAAAA
7479,7501,CTGGGGCATCAAGCAGCTCCAGG,AAAAAAAAAAAAAAAAAAAAAAA
7491,7513,GCAGCTCCAGGCAAGAATCCTGG,AAAAAAAAAAAAAAAAAAAAAAA
7497,7519,CCAGGCAAGAATCCTGGCTGTGG,AAAAAAAAAAAAAAAAAAAAAAA
7512,7534,GGCTGTGGAAAGATACCTAAAGG,AAAAAAAAAAAAAAAAAAAAAAA
7527,7549,CCTAAAGGATCAACAGCTCCTGG,AAAAAAAAAAAAAAAAAAAAAAA
7528,7550,CTAAAGGATCAACAGCTCCTGGG,AAAAAAAAAAAAAAAAAAAAAAA
7529,7551,TAAAGGATCAACAGCTCCTGGGG,AAAAAAAAAAAAAAAAAAAAAAA
7535,7557,ATCAACAGCTCCTGGGGATTTGG,AAAAAAAAAAAAAAAAAAAAAAA
7536,7558,TCAACAGCTCCTGGGGATTTGGG,AAAAAAAAAAAAAAAAAAAAAAA
7537,7559,CAACAGCTCCTGGGGATTTGGGG,AAAAAAAAAAAAAAAAAAAAAAA
7546,7568,CTGGGGATTTGGGGTTGCTCTGG,AAAAAAAAAAAAAAAAAAAAAAA
7577,7599,TTTGCACCACTGCTGTGCCTTGG,AAAAAAAAAAAAAAAAAAAAAAA
7589,7611,CTGTGCCTTGGAATGCTAGTTGG,AAAAAAAAAAAAAAAAAAAAAAA
7605,7627,TAGTTGGAGTAATAAATCTCTGG,AAAAAAAAAAAAAAAAAAAAAAA
7616,7638,ATAAATCTCTGGAACAGATTTGG,AAAAAAAAAAAAAAAAAAAAAAA
7631,7653,AGATTTGGAATCACACGACCTGG,AAAAAAAAAAAAAAAAAAAAAAA
7635,7657,TTGGAATCACACGACCTGGATGG,AAAAAAAAAAAAAAAAAAAAAAA
7640,7662,ATCACACGACCTGGATGGAGTGG,AAAAAAAAAAAAAAAAAAAAAAA
7641,7663,TCACACGACCTGGATGGAGTGGG,AAAAAAAAAAAAAAAAAAAAAAA
7731,7753,AAAGAATGAACAAGAATTATTGG,AAAAAAAAAAAAAAAAAAAAAAA
7745,7767,AATTATTGGAATTAGATAAATGG,AAAAAAAAAAAAAAAAAAAAAAA
7746,7768,ATTATTGGAATTAGATAAATGGG,AAAAAAAAAAAAAAAAAAAAAAA
7757,7779,TAGATAAATGGGCAAGTTTGTGG,AAAAAAAAAAAAAAAAAAAAAAA
7763,7785,AATGGGCAAGTTTGTGGAATTGG,AAAAAAAAAAAAAAAAAAAAAAA
7781,7803,ATTGGTTTAACATAACAAATTGG,AAAAAAAAAAAAAAAAAAAAAAA
7787,7809,TTAACATAACAAATTGGCTGTGG,AAAAAAAAAAAAAAAAAAAAAAA
7816,7838,AAATTATTCATAATGATAGTAGG,AAAAAAAAAAAAAAAAAAAAAAA
7819,7841,TTATTCATAATGATAGTAGGAGG,AAAAAAAAAAAAAAAAAAAAAAA
7824,7846,CATAATGATAGTAGGAGGCTTGG,AAAAAAAAAAAAAAAAAAAAAAA
7828,7850,ATGATAGTAGGAGGCTTGGTAGG,AAAAAAAAAAAAAAAAAAAAAAA
7874,7896,TTTCTATAGTGAATAGAGTTAGG,AAAAAAAAAAAAAAAAAAAAAAA
7878,7900,TATAGTGAATAGAGTTAGGCAGG,AAAAAAAAAAAAAAAAAAAAAAA
7879,7901,ATAGTGAATAGAGTTAGGCAGGG,AAAAAAAAAAAAAAAAAAAAAAA
7922,7944,AGACCCACCTCCCAACCCCGAGG,AAAAAAAAAAAAAAAAAAAAAAA
7923,7945,GACCCACCTCCCAACCCCGAGGG,AAAAAAAAAAAAAAAAAAAAAAA
7924,7946,ACCCACCTCCCAACCCCGAGGGG,AAAAAAAAAAAAAAAAAAAAAAA
7934,7956,CAACCCCGAGGGGACCCGACAGG,AAAAAAAAAAAAAAAAAAAAAAA
7942,7964,AGGGGACCCGACAGGCCCGAAGG,AAAAAAAAAAAAAAAAAAAAAAA
7957,7979,CCCGAAGGAATAGAAGAAGAAGG,AAAAAAAAAAAAAAAAAAAAAAA
7960,7982,GAAGGAATAGAAGAAGAAGGTGG,AAAAAAAAAAAAAAAAAAAAAAA
7999,8021,AGATCCATTCGATTAGTGAACGG,AAAAAAAAAAAAAAAAAAAAAAA
8007,8029,TCGATTAGTGAACGGATCCTTGG,AAAAAAAAAAAAAAAAAAAAAAA
8018,8040,ACGGATCCTTGGCACTTATCTGG,AAAAAAAAAAAAAAAAAAAAAAA
8019,8041,CGGATCCTTGGCACTTATCTGGG,AAAAAAAAAAAAAAAAAAAAAAA
8030,8052,CACTTATCTGGGACGATCTGCGG,AAAAAAAAAAAAAAAAAAAAAAA
8087,8109,ACTTACTCTTGATTGTAACGAGG,AAAAAAAAAAAAAAAAAAAAAAA
8094,8116,CTTGATTGTAACGAGGATTGTGG,AAAAAAAAAAAAAAAAAAAAAAA
8103,8125,AACGAGGATTGTGGAACTTCTGG,AAAAAAAAAAAAAAAAAAAAAAA
8104,8126,ACGAGGATTGTGGAACTTCTGGG,AAAAAAAAAAAAAAAAAAAAAAA
8111,8133,TTGTGGAACTTCTGGGACGCAGG,AAAAAAAAAAAAAAAAAAAAAAA
8112,8134,TGTGGAACTTCTGGGACGCAGGG,AAAAAAAAAAAAAAAAAAAAAAA
8113,8135,GTGGAACTTCTGGGACGCAGGGG,AAAAAAAAAAAAAAAAAAAAAAA
8114,8136,TGGAACTTCTGGGACGCAGGGGG,AAAAAAAAAAAAAAAAAAAAAAA
8117,8139,AACTTCTGGGACGCAGGGGGTGG,AAAAAAAAAAAAAAAAAAAAAAA
8118,8140,ACTTCTGGGACGCAGGGGGTGGG,AAAAAAAAAAAAAAAAAAAAAAA
8135,8157,GGTGGGAAGCCCTCAAATATTGG,AAAAAAAAAAAAAAAAAAAAAAA
8138,8160,GGGAAGCCCTCAAATATTGGTGG,AAAAAAAAAAAAAAAAAAAAAAA
8156,8178,GGTGGAATCTCCTACAGTATTGG,AAAAAAAAAAAAAAAAAAAAAAA
8163,8185,TCTCCTACAGTATTGGAGTCAGG,AAAAAAAAAAAAAAAAAAAAAAA
8220,8242,CACAGCCATAGCAGTAGCTGAGG,AAAAAAAAAAAAAAAAAAAAAAA
8221,8243,ACAGCCATAGCAGTAGCTGAGGG,AAAAAAAAAAAAAAAAAAAAAAA
8222,8244,CAGCCATAGCAGTAGCTGAGGGG,AAAAAAAAAAAAAAAAAAAAAAA
8231,8253,CAGTAGCTGAGGGGACAGATAGG,AAAAAAAAAAAAAAAAAAAAAAA
8232,8254,AGTAGCTGAGGGGACAGATAGGG,AAAAAAAAAAAAAAAAAAAAAAA
8251,8273,AGGGTTATAGAAGTAGTACAAGG,AAAAAAAAAAAAAAAAAAAAAAA
8295,8317,CATACCTAGAAGAATAAGACAGG,AAAAAAAAAAAAAAAAAAAAAAA
8296,8318,ATACCTAGAAGAATAAGACAGGG,AAAAAAAAAAAAAAAAAAAAAAA
8301,8323,TAGAAGAATAAGACAGGGCTTGG,AAAAAAAAAAAAAAAAAAAAAAA
8306,8328,GAATAAGACAGGGCTTGGAAAGG,AAAAAAAAAAAAAAAAAAAAAAA
8323,8345,GAAAGGATTTTGCTATAAGATGG,AAAAAAAAAAAAAAAAAAAAAAA
8324,8346,AAAGGATTTTGCTATAAGATGGG,AAAAAAAAAAAAAAAAAAAAAAA
8327,8349,GGATTTTGCTATAAGATGGGTGG,AAAAAAAAAAAAAAAAAAAAAAA
8334,8356,GCTATAAGATGGGTGGCAAGTGG,AAAAAAAAAAAAAAAAAAAAAAA
8354,8376,TGGTCAAAAAGTAGTGTGATTGG,AAAAAAAAAAAAAAAAAAAAAAA
8358,8380,CAAAAAGTAGTGTGATTGGATGG,AAAAAAAAAAAAAAAAAAAAAAA
8370,8392,TGATTGGATGGCCTACTGTAAGG,AAAAAAAAAAAAAAAAAAAAAAA
8371,8393,GATTGGATGGCCTACTGTAAGGG,AAAAAAAAAAAAAAAAAAAAAAA
8406,8428,GAGCTGAGCCAGCAGCAGATAGG,AAAAAAAAAAAAAAAAAAAAAAA
8407,8429,AGCTGAGCCAGCAGCAGATAGGG,AAAAAAAAAAAAAAAAAAAAAAA
8410,8432,TGAGCCAGCAGCAGATAGGGTGG,AAAAAAAAAAAAAAAAAAAAAAA
8411,8433,GAGCCAGCAGCAGATAGGGTGGG,AAAAAAAAAAAAAAAAAAAAAAA
8431,8453,GGGAGCAGCATCTCGAGACCTGG,AAAAAAAAAAAAAAAAAAAAAAA
8441,8463,TCTCGAGACCTGGAAAAACATGG,AAAAAAAAAAAAAAAAAAAAAAA
8490,8512,CTACCAATGCTGCTTGTGCCTGG,AAAAAAAAAAAAAAAAAAAAAAA
8506,8528,TGCCTGGCTAGAAGCACAAGAGG,AAAAAAAAAAAAAAAAAAAAAAA
8509,8531,CTGGCTAGAAGCACAAGAGGAGG,AAAAAAAAAAAAAAAAAAAAAAA
8512,8534,GCTAGAAGCACAAGAGGAGGAGG,AAAAAAAAAAAAAAAAAAAAAAA
8515,8537,AGAAGCACAAGAGGAGGAGGAGG,AAAAAAAAAAAAAAAAAAAAAAA
8518,8540,AGCACAAGAGGAGGAGGAGGTGG,AAAAAAAAAAAAAAAAAAAAAAA
8519,8541,GCACAAGAGGAGGAGGAGGTGGG,AAAAAAAAAAAAAAAAAAAAAAA
8539,8561,GGGTTTTCCAGTCACACCTCAGG,AAAAAAAAAAAAAAAAAAAAAAA
8566,8588,TTTAAGACCAATGACTTACAAGG,AAAAAAAAAAAAAAAAAAAAAAA
8602,8624,TAGCCACTTTTTAAAAGAAAAGG,AAAAAAAAAAAAAAAAAAAAAAA
8603,8625,AGCCACTTTTTAAAAGAAAAGGG,AAAAAAAAAAAAAAAAAAAAAAA
8604,8626,GCCACTTTTTAAAAGAAAAGGGG,AAAAAAAAAAAAAAAAAAAAAAA
8605,8627,CCACTTTTTAAAAGAAAAGGGGG,AAAAAAAAAAAAAAAAAAAAAAA
8606,8628,CACTTTTTAAAAGAAAAGGGGGG,AAAAAAAAAAAAAAAAAAAAAAA
8611,8633,TTTAAAAGAAAAGGGGGGACTGG,AAAAAAAAAAAAAAAAAAAAAAA
8615,8637,AAAGAAAAGGGGGGACTGGAAGG,AAAAAAAAAAAAAAAAAAAAAAA
8616,8638,AAGAAAAGGGGGGACTGGAAGGG,AAAAAAAAAAAAAAAAAAAAAAA
8658,8680,GACAAGATATCCTTGATCTGTGG,AAAAAAAAAAAAAAAAAAAAAAA
8675,8697,CTGTGGATCTACCACACACAAGG,AAAAAAAAAAAAAAAAAAAAAAA
8708,8730,GATTAGCAGAACTACACACCAGG,AAAAAAAAAAAAAAAAAAAAAAA
8709,8731,ATTAGCAGAACTACACACCAGGG,AAAAAAAAAAAAAAAAAAAAAAA
8714,8736,CAGAACTACACACCAGGGCCAGG,AAAAAAAAAAAAAAAAAAAAAAA
8715,8737,AGAACTACACACCAGGGCCAGGG,AAAAAAAAAAAAAAAAAAAAAAA
8716,8738,GAACTACACACCAGGGCCAGGGG,AAAAAAAAAAAAAAAAAAAAAAA
8738,8760,GTCAGATATCCACTGACCTTTGG,AAAAAAAAAAAAAAAAAAAAAAA
8742,8764,GATATCCACTGACCTTTGGATGG,AAAAAAAAAAAAAAAAAAAAAAA
8785,8807,TGAGCCAGATAAGATAGAAGAGG,AAAAAAAAAAAAAAAAAAAAAAA
8795,8817,AAGATAGAAGAGGCCAATAAAGG,AAAAAAAAAAAAAAAAAAAAAAA
8834,8856,TTACACCCTGTGAGCCTGCATGG,AAAAAAAAAAAAAAAAAAAAAAA
8835,8857,TACACCCTGTGAGCCTGCATGGG,AAAAAAAAAAAAAAAAAAAAAAA
8839,8861,CCCTGTGAGCCTGCATGGGATGG,AAAAAAAAAAAAAAAAAAAAAAA
8848,8870,CCTGCATGGGATGGATGACCCGG,AAAAAAAAAAAAAAAAAAAAAAA
8868,8890,CGGAGAGAGAAGTGTTAGAGTGG,AAAAAAAAAAAAAAAAAAAAAAA
8871,8893,AGAGAGAAGTGTTAGAGTGGAGG,AAAAAAAAAAAAAAAAAAAAAAA
8902,8924,CCGCCTAGCATTTCATCACGTGG,AAAAAAAAAAAAAAAAAAAAAAA
8920,8942,CGTGGCCCGAGAGCTGCATCCGG,AAAAAAAAAAAAAAAAAAAAAAA
8959,8981,CTGACATCGAGCTTGCTACAAGG,AAAAAAAAAAAAAAAAAAAAAAA
8960,8982,TGACATCGAGCTTGCTACAAGGG,AAAAAAAAAAAAAAAAAAAAAAA
8972,8994,TGCTACAAGGGACTTTCCGCTGG,AAAAAAAAAAAAAAAAAAAAAAA
8973,8995,GCTACAAGGGACTTTCCGCTGGG,AAAAAAAAAAAAAAAAAAAAAAA
8974,8996,CTACAAGGGACTTTCCGCTGGGG,AAAAAAAAAAAAAAAAAAAAAAA
8984,9006,CTTTCCGCTGGGGACTTTCCAGG,AAAAAAAAAAAAAAAAAAAAAAA
8985,9007,TTTCCGCTGGGGACTTTCCAGGG,AAAAAAAAAAAAAAAAAAAAAAA
8988,9010,CCGCTGGGGACTTTCCAGGGAGG,AAAAAAAAAAAAAAAAAAAAAAA
8993,9015,GGGGACTTTCCAGGGAGGCGTGG,AAAAAAAAAAAAAAAAAAAAAAA
8998,9020,CTTTCCAGGGAGGCGTGGCCTGG,AAAAAAAAAAAAAAAAAAAAAAA
8999,9021,TTTCCAGGGAGGCGTGGCCTGGG,AAAAAAAAAAAAAAAAAAAAAAA
9002,9024,CCAGGGAGGCGTGGCCTGGGCGG,AAAAAAAAAAAAAAAAAAAAAAA
9003,9025,CAGGGAGGCGTGGCCTGGGCGGG,AAAAAAAAAAAAAAAAAAAAAAA
9008,9030,AGGCGTGGCCTGGGCGGGACTGG,AAAAAAAAAAAAAAAAAAAAAAA
9009,9031,GGCGTGGCCTGGGCGGGACTGGG,AAAAAAAAAAAAAAAAAAAAAAA
9010,9032,GCGTGGCCTGGGCGGGACTGGGG,AAAAAAAAAAAAAAAAAAAAAAA
9015,9037,GCCTGGGCGGGACTGGGGAGTGG,AAAAAAAAAAAAAAAAAAAAAAA
9063,9085,CAGCTGCTTTTTGCCTGTACTGG,AAAAAAAAAAAAAAAAAAAAAAA
9064,9086,AGCTGCTTTTTGCCTGTACTGGG,AAAAAAAAAAAAAAAAAAAAAAA
9073,9095,TTGCCTGTACTGGGTCTCTCTGG,AAAAAAAAAAAAAAAAAAAAAAA
9094,9116,GGTTAGACCAGATCTGAGCCTGG,AAAAAAAAAAAAAAAAAAAAAAA
9095,9117,GTTAGACCAGATCTGAGCCTGGG,AAAAAAAAAAAAAAAAAAAAAAA
9105,9127,ATCTGAGCCTGGGAGCTCTCTGG,AAAAAAAAAAAAAAAAAAAAAAA
9114,9136,TGGGAGCTCTCTGGCTAACTAGG,AAAAAAAAAAAAAAAAAAAAAAA
9115,9137,GGGAGCTCTCTGGCTAACTAGGG,AAAAAAAAAAAAAAAAAAAAAAA
